rider_type,trips,avg_duration_min,median_duration_min,avg_distance_miles
casual,2325139,17.154966071913694,11.194383333333333,1.268298904060634
member,14464602,10.593064355320665,7.776766666666666,1.1395209522929075
