model,hotspot_threshold,hotspot_accuracy,hotspot_precision,hotspot_recall,hotspot_f1
xgboost_smooth,8.0,0.9409833888206202,0.8311871907557086,0.5386281372758911,0.6536659345572752
xgboost,8.0,0.9401257254231302,0.8440017577266735,0.5163827912233446,0.6407423309661855
xgboost_tweedie,8.0,0.9387671577724844,0.8571453487865073,0.48935778263488855,0.6230223123732251
random_forest,8.0,0.9215953568801233,0.8935269992056674,0.2744273117883406,0.41989350113126483
