MAE,RMSE,R2,WAPE,SMAPE,MAPE_nonzero,rider_type,model,blend_weight
1.2043582201004028,2.118582065644867,0.7401697635650635,34.60715655471766,34.30295461904988,39.83077447458908,member,xgboost,1.0
0.5149857401847839,0.9797863656371797,0.538998007774353,31.611707140177224,25.46476072934593,27.721259282887555,casual,xgboost,1.0
